,User,Profile,Summary,Link,KR Amount,S-Date,,,,,,,
,Example,https://krunker.io/social.html?p=profile&q=Solar13,example - re-format event/condition/action info into tables,https://github.com/example/krunkdocs/pull/1,1000,4/11/2021,TRUE,,Contributor Totals,,,,
,,,,,,,,,User,Contributions,KR,Badge,Verified
,,,,,,,,,Example,1,1000,FALSE,TRUE
,,,,,,,,,,0,0,FALSE,FALSE
,,,,,,,,,,0,0,FALSE,FALSE
,,,,,,,,,,0,0,FALSE,FALSE
,,,,,,,,,,0,0,FALSE,FALSE
,,,,,,,,,,0,0,FALSE,FALSE
,,,,,,,,,,0,0,FALSE,FALSE
,,,,,,,,,,0,0,FALSE,FALSE
,,,,,,,,,,0,0,FALSE,FALSE
,,,,,,,,,,0,0,FALSE,FALSE
,,,,,,,,,,0,0,FALSE,FALSE
,,,,,,,,,,0,0,FALSE,FALSE
,,,,,,,,,,0,0,FALSE,FALSE
,,,,,,,,,,0,0,FALSE,FALSE
,,,,,,,,,,0,0,FALSE,FALSE
,,,,,,,,,,0,0,FALSE,FALSE
,,,,,,,,,,0,0,FALSE,FALSE
,,,,,,,,,,0,0,FALSE,FALSE
,,,,,,,,,,0,0,FALSE,FALSE
,,,,,,,,,Totals:,1,1000,,
